Workbook

Sheet Sample Data
A1: Sample ID | B1: Patient Name | C1: Test Type | D1: Collection Date | E1: Status | F1: Technician | G1: Result Value | H1: Reference Min | I1: Reference Max | J1: Result
A2: S001 | B2: Aarav | C2: CBC | D2: 2026-06-01 | E2: Completed | F2: Tech1 | G2: 13.5 | H2: 12 | I2: 16 | J2: =IF(G2<H2,"Low",IF(G2>I2,"High","Normal"))
A3: S002 | B3: Diya | C3: Glucose | D3: 2026-06-01 | E3: Pending | F3: Tech2 | G3: 110 | H3: 70 | I3: 110 | J3: =IF(G3<H3,"Low",IF(G3>I3,"High","Normal"))
A4: S003 | B4: Rohan | C4: Cholesterol | D4: 2026-06-01 | E4: Completed | F4: Tech3 | G4: 220 | H4: 125 | I4: 200 | J4: =IF(G4<H4,"Low",IF(G4>I4,"High","Normal"))
A5: S004 | B5: Anaya | C5: CBC | D5: 2026-06-02 | E5: Completed | F5: Tech1 | G5: 11.5 | H5: 12 | I5: 16 | J5: =IF(G5<H5,"Low",IF(G5>I5,"High","Normal"))
A6: S005 | B6: Vivaan | C6: Glucose | D6: 2026-06-02 | E6: Completed | F6: Tech2 | G6: 95 | H6: 70 | I6: 110 | J6: =IF(G6<H6,"Low",IF(G6>I6,"High","Normal"))
A7: S006 | B7: Ishita | C7: CBC | D7: 2026-06-02 | E7: Rejected | F7: Tech1 | G7: 14 | H7: 12 | I7: 16 | J7: =IF(G7<H7,"Low",IF(G7>I7,"High","Normal"))
A8: S007 | B8: Arjun | C8: Cholesterol | D8: 2026-06-03 | E8: Completed | F8: Tech3 | G8: 180 | H8: 125 | I8: 200 | J8: =IF(G8<H8,"Low",IF(G8>I8,"High","Normal"))
A9: S008 | B9: Meera | C9: Glucose | D9: 2026-06-03 | E9: Completed | F9: Tech2 | G9: 125 | H9: 70 | I9: 110 | J9: =IF(G9<H9,"Low",IF(G9>I9,"High","Normal"))
A10: S009 | B10: Kabir | C10: CBC | D10: 2026-06-03 | E10: Pending | F10: Tech1 | G10: 15 | H10: 12 | I10: 16 | J10: =IF(G10<H10,"Low",IF(G10>I10,"High","Normal"))
A11: S010 | B11: Sara | C11: CBC | D11: 2026-06-04 | E11: Completed | F11: Tech1 | G11: 13 | H11: 12 | I11: 16 | J11: =IF(G11<H11,"Low",IF(G11>I11,"High","Normal"))
A12: S011 | B12: Ayaan | C12: Glucose | D12: 2026-06-04 | E12: Completed | F12: Tech2 | G12: 88 | H12: 70 | I12: 110 | J12: =IF(G12<H12,"Low",IF(G12>I12,"High","Normal"))
A13: S012 | B13: Kiara | C13: Cholesterol | D13: 2026-06-04 | E13: Completed | F13: Tech3 | G13: 205 | H13: 125 | I13: 200 | J13: =IF(G13<H13,"Low",IF(G13>I13,"High","Normal"))
... A26: S025 | B26: Yuvan | C26: CBC | D26: 2026-06-09 | E26: Completed | F26: Tech1 | G26: 15.4 | H26: 12 | I26: 16 | J26: =IF(G26<H26,"Low",IF(G26>I26,"High","Normal"))

Sheet Dashboard
A1: Patient Sample Tracking Dashboard
A3: Total Samples | B3: =COUNTA('Sample Data'!A2:A100)
A4: Completed Samples | B4: =COUNTIF('Sample Data'!E:E,"Completed")
A5: Pending Samples | B5: =COUNTIF('Sample Data'!E:E,"Pending")
A6: Rejected Samples | B6: =COUNTIF('Sample Data'!E:E,"Rejected")
A7: Average Result Value | B7: =AVERAGE('Sample Data'!G2:G26)
A8: Maximum Result | B8: =MAX('Sample Data'!G2:G26)
A9: Minimum Result | B9: =MIN('Sample Data'!G2:G26)
A10: Normal Results | B10: =COUNTIF('Sample Data'!J:J,"Normal")
A11: High Results | B11: =COUNTIF('Sample Data'!J:J,"High")
A12: Low Results | B12: =COUNTIF('Sample Data'!J:J,"Low")
